req_idx,case_name,width,height,steps,num_frames,fps,ok,error,video_id,submit_ts,accepted_ts,completed_ts,create_api_s,e2e_s
0,case2_854x480_s4_f120_fps24,854,480,4,120,24,True,,video_gen_1afc509bc2c646469be0f06aea7e556f,1776447555.237195,1776447555.3230023,1776447689.951795,0.08580642903689295,134.71460008621216
1,case3_1280x720_s6_f80_fps16,1280,720,6,80,16,True,,video_gen_8a341ffc430b4b1e9f33de79d3a2e093,1776447555.2376833,1776447555.3226223,1776447840.3965745,0.08493814407847822,285.1588912010193
2,case3_1280x720_s6_f80_fps16,1280,720,6,80,16,True,,video_gen_7f960c0f685645c8a3b835c439b8d73f,1776447555.237998,1776447555.3179653,1776448091.1740453,0.07996594195719808,535.9360473155975
3,case3_1280x720_s6_f80_fps16,1280,720,6,80,16,True,,video_gen_9a868640b25c44f4b3870ea826ab3346,1776447555.2382896,1776447555.3212323,1776448343.413621,0.08294191095046699,788.1753313541412
4,case3_1280x720_s6_f80_fps16,1280,720,6,80,16,True,,video_gen_318a86cf249e422d8414bb697b84a4e6,1776447555.2386,1776447555.3236825,1776448594.1657126,0.08508187695406377,1038.9271125793457
5,case3_1280x720_s6_f80_fps16,1280,720,6,80,16,True,,video_gen_bf73370923a14e6b981cbd4cefb3a357,1776447555.2389042,1776447555.3208914,1776448844.4254274,0.08198630600236356,1289.1865231990814
6,case3_1280x720_s6_f80_fps16,1280,720,6,80,16,True,,video_gen_9679a90a7b2b44b38483f4ca62859723,1776447555.2392032,1776447555.3233461,1776449027.2873406,0.08414217201061547,1472.0481374263763
7,case2_854x480_s4_f120_fps24,854,480,4,120,24,True,,video_gen_275027819917458782d17c9ff621c8a7,1776447555.2394893,1776447555.3205218,1776447623.2637222,0.08103165891952813,68.02423286437988
8,case3_1280x720_s6_f80_fps16,1280,720,6,80,16,True,,video_gen_3990db93972b483391ab39d076c1996f,1776447555.2397811,1776447555.4152417,1776452909.444952,0.17545931204222143,5354.205170869827
9,case3_1280x720_s6_f80_fps16,1280,720,6,80,16,True,,video_gen_02c3daadf8324d09a16e0f79e889f658,1776447555.2400603,1776447555.4320226,1776453061.095241,0.19196141802240163,5505.855180740356
10,case3_1280x720_s6_f80_fps16,1280,720,6,80,16,True,,video_gen_1a1cbc3ce4834d51bc86b5d7de8012b4,1776447555.2403429,1776447555.431047,1776453212.7859733,0.19070349598769099,5657.545630455017
11,case3_1280x720_s6_f80_fps16,1280,720,6,80,16,True,,video_gen_539fc764377e41e8bf3787d906406944,1776447555.240636,1776447555.4291723,1776449244.6790633,0.18853543989825994,1689.4384272098541
12,case3_1280x720_s6_f80_fps16,1280,720,6,80,16,True,,video_gen_9e3dd34ba40348edb2d8ed58ec323aa9,1776447555.2409265,1776447555.4223652,1776449461.538502,0.1814380519790575,1906.2975754737854
13,case2_854x480_s4_f120_fps24,854,480,4,120,24,True,,video_gen_5b6a7b2d8f3c4a349c3fd8260a4f8dc3,1776447555.2412233,1776447555.3920937,1776447942.7246983,0.15086927299853414,387.4834749698639
14,case3_1280x720_s6_f80_fps16,1280,720,6,80,16,True,,video_gen_3a105485a065472b8d45dcc5ff3cd232,1776447555.2415059,1776447555.416312,1776449679.9758136,0.17480544198770076,2124.7343077659607
15,case3_1280x720_s6_f80_fps16,1280,720,6,80,16,True,,video_gen_48c96185733d4291a1ecbbdebf854f14,1776447555.2417884,1776447555.4158385,1776449898.9096372,0.17404921900015324,2343.6678488254547
16,case3_1280x720_s6_f80_fps16,1280,720,6,80,16,True,,video_gen_0386d13feaf747abbfbd67f4bccb4114,1776447555.242076,1776447555.4324787,1776450116.3060517,0.19040203106123954,2561.0639758110046
17,case3_1280x720_s6_f80_fps16,1280,720,6,80,16,True,,video_gen_acd477f9d27844e0bba024616c5d16a2,1776447555.2423658,1776447555.43154,1776450333.9839342,0.189173290040344,2778.74156832695
18,case3_1280x720_s6_f80_fps16,1280,720,6,80,16,True,,video_gen_9ed0ca81bacf455eb481ab0eede3246b,1776447555.2426562,1776447555.4301066,1776450484.8601818,0.1874495919328183,2929.617525577545
19,case1_854x480_s3_f80_fps16,854,480,3,80,16,True,,video_gen_afea0bda15814de3a5bb051a19f3d999,1776447555.2429585,1776447555.4272313,1776447874.3695867,0.18427182896994054,319.1266281604767
20,case3_1280x720_s6_f80_fps16,1280,720,6,80,16,True,,video_gen_3c932262a8074f3faed071015bc49884,1776447555.243252,1776447555.4094987,1776450636.625109,0.16624582803342491,3081.381856918335
21,case2_854x480_s4_f120_fps24,854,480,4,120,24,True,,video_gen_dd8b24e9e803428cbb32f877d278bac9,1776447555.2435496,1776447555.4185731,1776448192.2769768,0.175022715004161,637.0334272384644
22,case2_854x480_s4_f120_fps24,854,480,4,120,24,True,,video_gen_580df43b97c24cca953adc7d0bd77366,1776447555.243842,1776447555.430565,1776448445.2602508,0.18672269000671804,890.0164089202881
23,case3_1280x720_s6_f80_fps16,1280,720,6,80,16,True,,video_gen_4ef6743a62694766baec14308a311cf1,1776447555.2441428,1776447555.4281354,1776450787.4625163,0.18399182497523725,3232.2183735370636
24,case2_854x480_s4_f120_fps24,854,480,4,120,24,True,,video_gen_1fd3ac8c5e3844cdb206d7711815a20d,1776447555.244433,1776447555.427691,1776448696.126484,0.18325719190761447,1140.8820509910583
25,case3_1280x720_s6_f80_fps16,1280,720,6,80,16,True,,video_gen_f07f0ded9d9e45d996331b976804a41b,1776447555.244728,1776447555.4286618,1776450937.5746136,0.18393299402669072,3382.329885482788
26,case3_1280x720_s6_f80_fps16,1280,720,6,80,16,True,,video_gen_5089e8978edf4a97b1790757eae7006e,1776447555.245033,1776447555.4267106,1776451089.2487307,0.1816770660225302,3534.0036976337433
27,case3_1280x720_s6_f80_fps16,1280,720,6,80,16,True,,video_gen_cf9be9ae863347268f5789ab05676239,1776447555.2453363,1776447555.4261818,1776451241.0584207,0.18084458203520626,3685.8130843639374
28,case3_1280x720_s6_f80_fps16,1280,720,6,80,16,True,,video_gen_f308794fa16e4c1783f4987aa6fab0b4,1776447555.245631,1776447555.425698,1776451392.6534932,0.18006652896292508,3837.407862186432
29,case3_1280x720_s6_f80_fps16,1280,720,6,80,16,True,,video_gen_91d08d6caf5a493d9aedd978c1fc4388,1776447555.2506192,1776447555.4252536,1776451545.3722134,0.17463316896464676,3990.1215941905975
30,case2_854x480_s4_f120_fps24,854,480,4,120,24,True,,video_gen_d8b03179b4ec4fcab4f255f75a5b1d91,1776447555.2509978,1776447555.424791,1776449094.4312873,0.17379259399604052,1539.1802895069122
31,case3_1280x720_s6_f80_fps16,1280,720,6,80,16,True,,video_gen_c56195c9bf4c401b8d2686d53fe4a8b1,1776447555.2513182,1776447555.4242942,1776451696.1389542,0.1729746910277754,4140.887635946274
32,case3_1280x720_s6_f80_fps16,1280,720,6,80,16,True,,video_gen_05e5916ff8974feca4da54e493fed349,1776447555.251636,1776447555.4237602,1776451847.9183338,0.17212367698084563,4292.666697740555
33,case3_1280x720_s6_f80_fps16,1280,720,6,80,16,True,,video_gen_36c7942a6edb4ca0a5476631815f4a9a,1776447555.2519398,1776447555.4232733,1776451999.6069007,0.17133260401897132,4444.3549609184265
34,case3_1280x720_s6_f80_fps16,1280,720,6,80,16,True,,video_gen_a6a15c21c2ff4b698ce7ce3af7b1448b,1776447555.2522514,1776447555.4228275,1776452152.4067285,0.17057537101209164,4597.154477119446
35,case1_854x480_s3_f80_fps16,854,480,3,80,16,True,,video_gen_4188ea62a48341c487cbd860a5cdcd59,1776447555.252559,1776447555.4174356,1776448125.3978825,0.16487615602090955,570.1453235149384
36,case3_1280x720_s6_f80_fps16,1280,720,6,80,16,True,,video_gen_a0d87c21937b41f09f8cc79e38ccdf3f,1776447555.2528687,1776447555.4218771,1776452303.938906,0.16900776501279324,4748.686037302017
37,case3_1280x720_s6_f80_fps16,1280,720,6,80,16,True,,video_gen_e495f7f7d2a343c888fdbca33228a558,1776447555.2531755,1776447555.4213665,1776452455.5584843,0.16819017089437693,4900.305308818817
38,case2_854x480_s4_f120_fps24,854,480,4,120,24,True,,video_gen_2947731d44374ed98821d493a0f98607,1776447555.2534864,1776447555.4208968,1776449312.293207,0.16740998800378293,1757.0397205352783
39,case2_854x480_s4_f120_fps24,854,480,4,120,24,True,,video_gen_de48e71a6a40446583fcfbe833d3f385,1776447555.253789,1776447555.4204404,1776449528.2575488,0.16665083600673825,1973.0037598609924
40,case3_1280x720_s6_f80_fps16,1280,720,6,80,16,True,,video_gen_72e8e18b7db04077a3a1232e7dcde3c6,1776447555.2540944,1776447555.4198837,1776452606.2985623,0.1657886210596189,5051.044467926025
41,case2_854x480_s4_f120_fps24,854,480,4,120,24,True,,video_gen_e669428ef88a43caa95c599c0c5a604e,1776447555.2543974,1776447555.4101646,1776449748.1910198,0.1557663040002808,2192.9366223812103
42,case1_854x480_s3_f80_fps16,854,480,3,80,16,True,,video_gen_9e324cf1c5aa40539e71e705b247b866,1776447555.2547154,1776447555.4168518,1776448376.7691588,0.16213597101159394,821.514443397522
43,case1_854x480_s3_f80_fps16,854,480,3,80,16,True,,video_gen_d0924003d39d4dacb5cd9ace67529a06,1776447555.2550356,1776447555.4334817,1776448628.7300727,0.17844543198589236,1073.475037097931
44,case3_1280x720_s6_f80_fps16,1280,720,6,80,16,True,,video_gen_73db4cbf371549dc9b161c6af779ea4e,1776447555.2553525,1776447555.4329429,1776452759.1583273,0.17758980800863355,5203.902974843979
45,case2_854x480_s4_f120_fps24,854,480,4,120,24,True,,video_gen_f0eda41cdc9b44ffa9008a74c0da1e36,1776447555.255662,1776447555.4339836,1776449966.0497353,0.17832065001130104,2410.794073343277
46,case1_854x480_s3_f80_fps16,854,480,3,80,16,True,,video_gen_47e2a1fa9edb44fd8b668d302dd25a06,1776447555.2559679,1776447555.4180105,1776448878.652046,0.16204204899258912,1323.3960781097412
47,case3_1280x720_s6_f80_fps16,1280,720,6,80,16,True,,video_gen_41aa8204d1074cb5a23af0c69bf0e163,1776447555.2562866,1776447555.4296386,1776453364.5211966,0.173351337085478,5809.264909982681
48,case2_854x480_s4_f120_fps24,854,480,4,120,24,True,,video_gen_a087569dab574861b821f1e3bfcd9c47,1776447555.256601,1776447555.440112,1776450182.7723591,0.1835099960444495,2627.515758037567
49,case3_1280x720_s6_f80_fps16,1280,720,6,80,16,True,,video_gen_da48ca193e804acb89cc301e0135a732,1776447555.2569187,1776447555.4408731,1776453516.5558882,0.18395390396472067,5961.298969507217
