request_id,req_type,width,height,steps,seed,send_ts,arrival_ts,return_ts,backend,status_code,ok,e2e_s,error
baseline-00000,1024x1024_25,1024,1024,25,700000,1776515342.9986758,,1776515372.01782,,200,True,29.01914728397969,
baseline-00001,512x512_20,512,512,20,700001,1776515343.0086627,,1776515363.1878319,,200,True,20.179170141927898,
baseline-00002,768x768_20,768,768,20,700002,1776515343.0090506,,1776515363.725552,,200,True,20.71650346496608,
baseline-00003,768x768_20,768,768,20,700003,1776515343.0093396,,1776515364.6442475,,200,True,21.634909570915624,
baseline-00004,1024x1024_25,1024,1024,25,700004,1776515343.009608,,1776515371.8254008,,200,True,28.81579598900862,
baseline-00005,1024x1024_25,1024,1024,25,700005,1776515343.0098753,,1776515371.8823886,,200,True,28.872516275034286,
baseline-00006,1536x1536_35,1536,1536,35,700006,1776515343.010152,,1776515455.4345262,,200,True,112.42437906202395,
baseline-00007,512x512_20,512,512,20,700007,1776515343.0104167,,1776515379.5063272,,200,True,36.495913011953235,
baseline-00008,1024x1024_25,1024,1024,25,700008,1776515343.0106764,,1776515388.021048,,200,True,45.0103751179995,
baseline-00009,512x512_20,512,512,20,700009,1776515343.0109556,,1776515381.1517496,,200,True,38.14079731795937,
baseline-00010,768x768_20,768,768,20,700010,1776515343.0112274,,1776515388.2806854,,200,True,45.2694610550534,
baseline-00011,1024x1024_25,1024,1024,25,700011,1776515343.01149,,1776515395.8374174,,200,True,52.82593174406793,
baseline-00012,512x512_20,512,512,20,700012,1776515343.0117686,,1776515470.1094885,,200,True,127.0977222659858,
baseline-00013,768x768_20,768,768,20,700013,1776515343.0120335,,1776515396.4319696,,200,True,53.41993949294556,
baseline-00014,1024x1024_25,1024,1024,25,700014,1776515343.0122967,,1776515412.5780382,,200,True,69.56574603100307,
baseline-00015,1024x1024_25,1024,1024,25,700015,1776515343.0125651,,1776515405.8291535,,200,True,62.81659243104514,
baseline-00016,768x768_20,768,768,20,700016,1776515343.0128334,,1776515404.8221135,,200,True,61.809283570968546,
baseline-00017,1024x1024_25,1024,1024,25,700017,1776515343.0133717,,1776515421.0153754,,200,True,78.00200783205219,
baseline-00018,1024x1024_25,1024,1024,25,700018,1776515343.0137055,,1776515494.6191921,,200,True,151.6054902910255,
baseline-00019,512x512_20,512,512,20,700019,1776515343.0139945,,1776515412.543297,,200,True,69.52930612093769,
baseline-00020,1024x1024_25,1024,1024,25,700020,1776515343.0142732,,1776515436.5331175,,200,True,93.51884731801692,
baseline-00021,1024x1024_25,1024,1024,25,700021,1776515343.0145469,,1776515430.1381173,,200,True,87.12357391708065,
baseline-00022,768x768_20,768,768,20,700022,1776515343.0148299,,1776515421.562243,,200,True,78.54741652891971,
baseline-00023,768x768_20,768,768,20,700023,1776515343.0151038,,1776515437.5413244,,200,True,94.52622414997313,
baseline-00024,1536x1536_35,1536,1536,35,700024,1776515343.0153794,,1776515578.3121185,,200,True,235.29674347001128,
baseline-00025,768x768_20,768,768,20,700025,1776515343.0156548,,1776515428.5645597,,200,True,85.54890849301592,
baseline-00026,512x512_20,512,512,20,700026,1776515343.0159278,,1776515452.5222178,,200,True,109.50629310403019,
baseline-00027,512x512_20,512,512,20,700027,1776515343.0162086,,1776515447.0039592,,200,True,103.98775355203543,
baseline-00028,1024x1024_25,1024,1024,25,700028,1776515343.0164893,,1776515446.1370382,,200,True,103.12055199209135,
baseline-00029,1024x1024_25,1024,1024,25,700029,1776515343.0167572,,1776515461.9766192,,200,True,118.95986493397504,
baseline-00030,1024x1024_25,1024,1024,25,700030,1776515343.017036,,1776515602.128158,,200,True,259.11112643999513,
baseline-00031,1024x1024_25,1024,1024,25,700031,1776515343.0173123,,1776515452.9755647,,200,True,109.95825681101996,
baseline-00032,1024x1024_25,1024,1024,25,700032,1776515343.0175977,,1776515477.0179205,,200,True,134.00032569898758,
baseline-00033,1536x1536_35,1536,1536,35,700033,1776515343.0178819,,1776515530.4363353,,200,True,187.41845592297614,
baseline-00034,768x768_20,768,768,20,700034,1776515343.0181582,,1776515462.4264884,,200,True,119.40833576396108,
baseline-00035,1024x1024_25,1024,1024,25,700035,1776515343.0184343,,1776515486.4080484,,200,True,143.38961843703873,
baseline-00036,1024x1024_25,1024,1024,25,700036,1776515343.0187147,,1776515626.4699874,,200,True,283.4512759610079,
baseline-00037,1024x1024_25,1024,1024,25,700037,1776515343.0190153,,1776515477.216371,,200,True,134.19735894992482,
baseline-00038,1536x1536_35,1536,1536,35,700038,1776515343.0192935,,1776515559.7816288,,200,True,216.76234089490026,
baseline-00039,1024x1024_25,1024,1024,25,700039,1776515343.0195742,,1776515553.836527,,200,True,210.81695676303934,
baseline-00040,1024x1024_25,1024,1024,25,700040,1776515343.0198598,,1776515486.8490958,,200,True,143.82923992804717,
baseline-00041,512x512_20,512,512,20,700041,1776515343.0201569,,1776515503.9897609,,200,True,160.9696073589148,
baseline-00042,768x768_20,768,768,20,700042,1776515343.0204518,,1776515642.5966878,,200,True,299.5762403270928,
baseline-00043,768x768_20,768,768,20,700043,1776515343.0207412,,1776515494.0922627,,200,True,151.07152479502838,
baseline-00044,512x512_20,512,512,20,700044,1776515343.0212343,,1776515574.3408241,,200,True,231.3195932059316,
baseline-00045,768x768_20,768,768,20,700045,1776515343.0215833,,1776515570.1089828,,200,True,227.08740281302016,
baseline-00046,512x512_20,512,512,20,700046,1776515343.0218892,,1776515502.1752741,,200,True,159.15338856203016,
baseline-00047,768x768_20,768,768,20,700047,1776515343.0221844,,1776515520.6929739,,200,True,177.67079268908128,
baseline-00048,1024x1024_25,1024,1024,25,700048,1776515343.0224745,,1776515667.4050975,,200,True,324.3826270980062,
baseline-00049,768x768_20,768,768,20,700049,1776515343.0227823,,1776515511.7406218,,200,True,168.7178431659704,
baseline-00050,768x768_20,768,768,20,700050,1776515343.0230827,,1776515590.4476864,,200,True,247.4246055149706,
baseline-00051,768x768_20,768,768,20,700051,1776515343.0233839,,1776515586.959234,,200,True,243.935853386065,
baseline-00052,768x768_20,768,768,20,700052,1776515343.0236754,,1776515518.4627252,,200,True,175.43905301194172,
baseline-00053,1536x1536_35,1536,1536,35,700053,1776515343.0239727,,1776515603.9376552,,200,True,260.9136862610467,
baseline-00054,1024x1024_25,1024,1024,25,700054,1776515343.0242677,,1776515691.7386127,,200,True,348.7143484050175,
baseline-00055,1024x1024_25,1024,1024,25,700055,1776515343.0245607,,1776515536.285675,,200,True,193.26111812889576,
baseline-00056,768x768_20,768,768,20,700056,1776515343.0248523,,1776515606.1170576,,200,True,263.0922091800021,
baseline-00057,1024x1024_25,1024,1024,25,700057,1776515343.0251522,,1776515611.4572635,,200,True,268.4321149820462,
baseline-00058,768x768_20,768,768,20,700058,1776515343.0254533,,1776515534.4688492,,200,True,191.44339756504633,
baseline-00059,768x768_20,768,768,20,700059,1776515343.0257545,,1776515618.5665662,,200,True,275.540816561901,
baseline-00060,1536x1536_35,1536,1536,35,700060,1776515343.0260475,,1776515775.2732878,,200,True,432.24724347901065,
baseline-00061,1024x1024_25,1024,1024,25,700061,1776515343.0263524,,1776515560.6815295,,200,True,217.6551804940682,
baseline-00062,1024x1024_25,1024,1024,25,700062,1776515343.0266542,,1776515630.4460874,,200,True,287.4194356560474,
baseline-00063,1024x1024_25,1024,1024,25,700063,1776515343.0269694,,1776515636.127505,,200,True,293.10053767694626,
baseline-00064,1024x1024_25,1024,1024,25,700064,1776515343.027277,,1776515558.9663777,,200,True,215.93910403794143,
baseline-00065,1024x1024_25,1024,1024,25,700065,1776515343.0275795,,1776515643.0990267,,200,True,300.0714517160086,
baseline-00066,768x768_20,768,768,20,700066,1776515343.027879,,1776515791.2225652,,200,True,448.1946875710273,
baseline-00067,512x512_20,512,512,20,700067,1776515343.0281878,,1776515576.5956838,,200,True,233.56749948405195,
baseline-00068,768x768_20,768,768,20,700068,1776515343.0284898,,1776515645.9995024,,200,True,302.9710144859273,
baseline-00069,768x768_20,768,768,20,700069,1776515343.028794,,1776515653.0612905,,200,True,310.03249808901455,
baseline-00070,768x768_20,768,768,20,700070,1776515343.0290978,,1776515575.5130477,,200,True,232.48395374999382,
baseline-00071,1536x1536_35,1536,1536,35,700071,1776515343.0296133,,1776515726.1354287,,200,True,383.1058167889714,
baseline-00072,1536x1536_35,1536,1536,35,700072,1776515343.0299644,,1776515875.193275,,200,True,532.1633116969606,
baseline-00073,768x768_20,768,768,20,700073,1776515343.0302908,,1776515593.6530557,,200,True,250.6227681810269,
baseline-00074,1024x1024_25,1024,1024,25,700074,1776515343.0305982,,1776515670.398079,,200,True,327.3674839629093,
baseline-00075,768x768_20,768,768,20,700075,1776515343.0309274,,1776515670.7261999,,200,True,327.6952738070395,
baseline-00076,1536x1536_35,1536,1536,35,700076,1776515343.0312479,,1776515658.6496587,,200,True,315.6184129099129,
baseline-00077,1024x1024_25,1024,1024,25,700077,1776515343.0315642,,1776515749.5378537,,200,True,406.5062912199646,
baseline-00078,768x768_20,768,768,20,700078,1776515343.0318806,,1776515891.129384,,200,True,548.0975055129966,
baseline-00079,768x768_20,768,768,20,700079,1776515343.032196,,1776515610.3344626,,200,True,267.3022732839454,
baseline-00080,1024x1024_25,1024,1024,25,700080,1776515343.0325074,,1776515694.5100274,,200,True,351.4775254280539,
baseline-00081,768x768_20,768,768,20,700081,1776515343.0328176,,1776515687.03914,,200,True,344.0063237029826,
baseline-00082,1024x1024_25,1024,1024,25,700082,1776515343.0331376,,1776515682.1277835,,200,True,339.0946496409597,
baseline-00083,1536x1536_35,1536,1536,35,700083,1776515343.0334554,,1776515832.389008,,200,True,489.3555546379648,
baseline-00084,768x768_20,768,768,20,700084,1776515343.0337694,,1776515907.4595954,,200,True,564.4258275619941,
baseline-00085,768x768_20,768,768,20,700085,1776515343.0340846,,1776515627.3425007,,200,True,284.3084195239935,
baseline-00086,1536x1536_35,1536,1536,35,700086,1776515343.0344,,1776515777.2291515,,200,True,434.19475277292076,
baseline-00087,1024x1024_25,1024,1024,25,700087,1776515343.0347204,,1776515711.5766222,,200,True,368.5419037459651,
baseline-00088,512x512_20,512,512,20,700088,1776515343.0350688,,1776515697.5414357,,200,True,354.5063681579195,
baseline-00089,512x512_20,512,512,20,700089,1776515343.035388,,1776515848.7533486,,200,True,505.7179616530193,
baseline-00090,512x512_20,512,512,20,700090,1776515343.03571,,1776515923.5658317,,200,True,580.530122251017,
baseline-00091,1024x1024_25,1024,1024,25,700091,1776515343.036037,,1776515651.6737664,,200,True,308.6377332069678,
baseline-00092,1024x1024_25,1024,1024,25,700092,1776515343.0363503,,1776515800.4577475,,200,True,457.4213988559786,
baseline-00093,1024x1024_25,1024,1024,25,700093,1776515343.036677,,1776515735.786239,,200,True,392.74956346699037,
baseline-00094,512x512_20,512,512,20,700094,1776515343.037,,1776515714.6114056,,200,True,371.5744073280366,
baseline-00095,768x768_20,768,768,20,700095,1776515343.0373151,,1776515866.624899,,200,True,523.5875852989266,
baseline-00096,1536x1536_35,1536,1536,35,700096,1776515343.0376477,,1776516007.4226618,,200,True,664.3850159310969,
baseline-00097,1024x1024_25,1024,1024,25,700097,1776515343.037968,,1776515675.9564078,,200,True,332.9184437210206,
baseline-00098,1536x1536_35,1536,1536,35,700098,1776515343.0385003,,1776515883.100199,,200,True,540.0617002819199,
baseline-00099,1536x1536_35,1536,1536,35,700099,1776515343.0389013,,1776515818.7586846,,200,True,475.71978510008194,
baseline-00100,512x512_20,512,512,20,700100,1776515343.0392528,,1776515731.762862,,200,True,388.72361051396,
baseline-00101,1024x1024_25,1024,1024,25,700101,1776515343.0395925,,1776515891.1515555,,200,True,548.1119652440539,
baseline-00102,1024x1024_25,1024,1024,25,700102,1776515343.0399716,,1776516030.7963412,,200,True,687.7563709629467,
baseline-00103,1024x1024_25,1024,1024,25,700103,1776515343.0403924,,1776515700.0189154,,200,True,356.97852444299497,
baseline-00104,768x768_20,768,768,20,700104,1776515343.040853,,1776515898.103592,,200,True,555.0627417049836,
baseline-00105,1024x1024_25,1024,1024,25,700105,1776515343.0413654,,1776515843.1282928,,200,True,500.0869295730954,
baseline-00106,512x512_20,512,512,20,700106,1776515343.0419087,,1776515748.6531115,,200,True,405.6112039319705,
baseline-00107,1024x1024_25,1024,1024,25,700107,1776515343.0425081,,1776515917.8495767,,200,True,574.8070701629622,
baseline-00108,1024x1024_25,1024,1024,25,700108,1776515343.0431585,,1776516055.2379138,,200,True,712.1947565570008,
baseline-00109,1536x1536_35,1536,1536,35,700109,1776515343.0438418,,1776515783.995799,,200,True,440.9519596470054,
baseline-00110,1536x1536_35,1536,1536,35,700110,1776515343.0445688,,1776515980.8642726,,200,True,637.8197055211058,
baseline-00111,768x768_20,768,768,20,700111,1776515343.0453424,,1776515861.8539028,,200,True,518.808562038932,
baseline-00112,1024x1024_25,1024,1024,25,700112,1776515343.046162,,1776515773.2902567,,200,True,430.2440965271089,
baseline-00113,768x768_20,768,768,20,700113,1776515343.0470288,,1776515933.3957372,,200,True,590.3487101360224,
baseline-00114,1536x1536_35,1536,1536,35,700114,1776515343.047937,,1776516138.7964854,,200,True,795.7485502320342,
baseline-00115,1536x1536_35,1536,1536,35,700115,1776515343.0488844,,1776515866.9494877,,200,True,523.900604687049,
baseline-00116,768x768_20,768,768,20,700116,1776515343.0498755,,1776515995.3842485,,200,True,652.3343752060318,
baseline-00117,1024x1024_25,1024,1024,25,700117,1776515343.050915,,1776515886.4846113,,200,True,543.4336985449772,
baseline-00118,1024x1024_25,1024,1024,25,700118,1776515343.0520182,,1776515797.7581556,,200,True,454.7061391309835,
baseline-00119,768x768_20,768,768,20,700119,1776515343.0531478,,1776515949.4617012,,200,True,606.4085546649294,
baseline-00120,1024x1024_25,1024,1024,25,700120,1776515343.0543125,,1776516162.2956667,,200,True,819.2413560339483,
baseline-00121,1024x1024_25,1024,1024,25,700121,1776515343.0555418,,1776515890.6352167,,200,True,547.5796765949344,
baseline-00122,1024x1024_25,1024,1024,25,700122,1776515343.0568035,,1776516019.70862,,200,True,676.6518216280965,
baseline-00123,1024x1024_25,1024,1024,25,700123,1776515343.058107,,1776515910.4420714,,200,True,567.3839663940016,
baseline-00124,512x512_20,512,512,20,700124,1776515343.059471,,1776515813.9581168,,200,True,470.89864727598615,
baseline-00125,768x768_20,768,768,20,700125,1776515343.0610797,,1776515967.6074884,,200,True,624.5464098169468,
baseline-00126,512x512_20,512,512,20,700126,1776515343.062548,,1776516179.1396458,,200,True,836.0770988850854,
baseline-00127,1536x1536_35,1536,1536,35,700127,1776515343.0640693,,1776515974.2947643,,200,True,631.2306974290404,
baseline-00128,1536x1536_35,1536,1536,35,700128,1776515343.0656037,,1776516102.241451,,200,True,759.1758492030203,
baseline-00129,1024x1024_25,1024,1024,25,700129,1776515343.067186,,1776515934.8242116,,200,True,591.7570281049702,
baseline-00130,768x768_20,768,768,20,700130,1776515343.068803,,1776515830.5448222,,200,True,487.47602022998035,
baseline-00131,512x512_20,512,512,20,700131,1776515343.070464,,1776515983.380324,,200,True,640.3098609279841,
baseline-00132,1536x1536_35,1536,1536,35,700132,1776515343.0721955,,1776516263.1745467,,200,True,920.1023530130042,
baseline-00133,1536x1536_35,1536,1536,35,700133,1776515343.0739422,,1776516057.23447,,200,True,714.1605294370092,
baseline-00134,512x512_20,512,512,20,700134,1776515343.0757458,,1776516117.252249,,200,True,774.1765049310634,
baseline-00135,1024x1024_25,1024,1024,25,700135,1776515343.077576,,1776515959.7211888,,200,True,616.6436147859786,
baseline-00136,512x512_20,512,512,20,700136,1776515343.0794637,,1776515847.3645186,,200,True,504.28505619300995,
baseline-00137,1024x1024_25,1024,1024,25,700137,1776515343.0814,,1776516008.053313,,200,True,664.9719147629803,
baseline-00138,1024x1024_25,1024,1024,25,700138,1776515343.083378,,1776516286.6663725,,200,True,943.5829958720133,
baseline-00139,512x512_20,512,512,20,700139,1776515343.085386,,1776516071.9915218,,200,True,728.9061368040275,
baseline-00140,1024x1024_25,1024,1024,25,700140,1776515343.0874617,,1776516141.7763517,,200,True,798.6888917300384,
baseline-00141,1024x1024_25,1024,1024,25,700141,1776515343.089565,,1776515983.8885777,,200,True,640.7990143779898,
baseline-00142,768x768_20,768,768,20,700142,1776515343.0917296,,1776515864.5368915,,200,True,521.4451633499702,
baseline-00143,1536x1536_35,1536,1536,35,700143,1776515343.0939178,,1776516091.0332181,,200,True,747.9393016090617,
baseline-00144,1024x1024_25,1024,1024,25,700144,1776515343.0961697,,1776516310.658148,,200,True,967.561979905935,
baseline-00145,768x768_20,768,768,20,700145,1776515343.0984592,,1776516088.4178877,,200,True,745.3194298140006,
baseline-00146,1024x1024_25,1024,1024,25,700146,1776515343.1008031,,1776516165.8609219,,200,True,822.7601204119856,
baseline-00147,1024x1024_25,1024,1024,25,700147,1776515343.1031845,,1776516008.3129547,,200,True,665.2097718160367,
baseline-00148,768x768_20,768,768,20,700148,1776515343.1055899,,1776515880.9494047,,200,True,537.8438158729114,
baseline-00149,768x768_20,768,768,20,700149,1776515343.1080468,,1776516105.6930075,,200,True,762.5849618790671,
baseline-00150,1536x1536_35,1536,1536,35,700150,1776515343.1105564,,1776516394.2716734,,200,True,1051.1611183369532,
baseline-00151,1024x1024_25,1024,1024,25,700151,1776515343.1131222,,1776516112.8350043,,200,True,769.7218836139655,
baseline-00152,1024x1024_25,1024,1024,25,700152,1776515343.1159732,,1776516189.907112,,200,True,846.7911399359582,
baseline-00153,1024x1024_25,1024,1024,25,700153,1776515343.1186318,,1776516032.5897214,,200,True,689.4710909900023,
baseline-00154,512x512_20,512,512,20,700154,1776515343.1213377,,1776515896.4444711,,200,True,553.3231344929663,
baseline-00155,768x768_20,768,768,20,700155,1776515343.1240644,,1776516121.3208182,,200,True,778.1967551639536,
baseline-00156,768x768_20,768,768,20,700156,1776515343.1268396,,1776516410.3352365,,200,True,1067.2083983860211,
baseline-00157,1024x1024_25,1024,1024,25,700157,1776515343.1296456,,1776516136.9826076,,200,True,793.8529642730718,
baseline-00158,768x768_20,768,768,20,700158,1776515343.1325314,,1776516205.1821806,,200,True,862.0496500260197,
baseline-00159,768x768_20,768,768,20,700159,1776515343.1354647,,1776516049.5095737,,200,True,706.3741120070918,
baseline-00160,512x512_20,512,512,20,700160,1776515343.1384087,,1776515912.4616241,,200,True,569.3232164110523,
baseline-00161,1024x1024_25,1024,1024,25,700161,1776515343.141416,,1776516145.6921575,,200,True,802.5507422579685,
baseline-00162,768x768_20,768,768,20,700162,1776515343.144465,,1776516427.4464579,,200,True,1084.3019942789106,
baseline-00163,1536x1536_35,1536,1536,35,700163,1776515343.1475704,,1776516220.4818962,,200,True,877.3343275140505,
baseline-00164,1536x1536_35,1536,1536,35,700164,1776515343.1507022,,1776516287.883499,,200,True,944.7327981559793,
baseline-00165,512x512_20,512,512,20,700165,1776515343.1538696,,1776516065.8949323,,200,True,722.7410641619936,
baseline-00166,768x768_20,768,768,20,700166,1776515343.15709,,1776515928.7077742,,200,True,585.5506855169078,
baseline-00167,1024x1024_25,1024,1024,25,700167,1776515343.1603549,,1776516169.84812,,200,True,826.6877666389337,
baseline-00168,768x768_20,768,768,20,700168,1776515343.163667,,1776516444.8203988,,200,True,1101.6567330629332,
baseline-00169,512x512_20,512,512,20,700169,1776515343.1670249,,1776516235.2590005,,200,True,892.0919768610038,
baseline-00170,1536x1536_35,1536,1536,35,700170,1776515343.1704123,,1776516370.1608973,,200,True,1026.9904877049848,
baseline-00171,1024x1024_25,1024,1024,25,700171,1776515343.1738563,,1776516090.602012,,200,True,747.4281577330548,
baseline-00172,1024x1024_25,1024,1024,25,700172,1776515343.1773593,,1776515953.1934657,,200,True,610.0161075229989,
baseline-00173,1024x1024_25,1024,1024,25,700173,1776515343.1808963,,1776516194.0996892,,200,True,850.918794533005,
baseline-00174,1024x1024_25,1024,1024,25,700174,1776515343.1844873,,1776516469.3608992,,200,True,1126.1764136049896,
baseline-00175,768x768_20,768,768,20,700175,1776515343.1881142,,1776516251.8584569,,200,True,908.6703440180281,
baseline-00176,512x512_20,512,512,20,700176,1776515343.191786,,1776516385.1515968,,200,True,1041.9598116959678,
baseline-00177,1024x1024_25,1024,1024,25,700177,1776515343.1955097,,1776516115.1130865,,200,True,771.9175783649553,
baseline-00178,1024x1024_25,1024,1024,25,700178,1776515343.1994662,,1776515977.5437324,,200,True,634.3442677379353,
baseline-00179,1024x1024_25,1024,1024,25,700179,1776515343.2033148,,1776516218.3511832,,200,True,875.1478698370047,
baseline-00180,1024x1024_25,1024,1024,25,700180,1776515343.2071648,,1776516493.4846437,,200,True,1150.2774802120402,
baseline-00181,1024x1024_25,1024,1024,25,700181,1776515343.2110581,,1776516276.1812289,,200,True,932.9701723390026,
baseline-00182,1536x1536_35,1536,1536,35,700182,1776515343.2149985,,1776516468.1865964,,200,True,1124.9715999880573,
baseline-00183,512x512_20,512,512,20,700183,1776515343.2189755,,1776516131.3295488,,200,True,788.1105744689703,
baseline-00184,1024x1024_25,1024,1024,25,700184,1776515343.2229996,,1776516001.9881585,,200,True,658.7651607950684,
baseline-00185,768x768_20,768,768,20,700185,1776515343.22707,,1776516235.3245773,,200,True,892.0975081330398,
baseline-00186,1536x1536_35,1536,1536,35,700186,1776515343.2311916,,1776516577.1054397,,200,True,1233.8742498470237,
baseline-00187,768x768_20,768,768,20,700187,1776515343.235334,,1776516292.1205194,,200,True,948.8851869980572,
baseline-00188,768x768_20,768,768,20,700188,1776515343.239531,,1776516482.9408937,,200,True,1139.7013654479524,
baseline-00189,1024x1024_25,1024,1024,25,700189,1776515343.2437816,,1776516156.3896215,,200,True,813.1458415600937,
baseline-00190,1024x1024_25,1024,1024,25,700190,1776515343.2480745,,1776516026.1539087,,200,True,682.905835986021,
baseline-00191,768x768_20,768,768,20,700191,1776515343.2523994,,1776516253.1097894,,200,True,909.8573911139974,
baseline-00192,768x768_20,768,768,20,700192,1776515343.2567692,,1776516592.526509,,200,True,1249.2697413520655,
baseline-00193,1536x1536_35,1536,1536,35,700193,1776515343.2611701,,1776516376.0540824,,200,True,1032.7929138080217,
baseline-00194,1024x1024_25,1024,1024,25,700194,1776515343.2656136,,1776516507.2432675,,200,True,1163.9776555360295,
baseline-00195,1536x1536_35,1536,1536,35,700195,1776515343.2701342,,1776516239.0632222,,200,True,895.7930897159968,
baseline-00196,1024x1024_25,1024,1024,25,700196,1776515343.2746732,,1776516050.5673048,,200,True,707.2926332079805,
baseline-00197,512x512_20,512,512,20,700197,1776515343.2792742,,1776516270.6756234,,200,True,927.3963505160064,
baseline-00198,1536x1536_35,1536,1536,35,700198,1776515343.283901,,1776516676.3821774,,200,True,1333.0982787539251,
baseline-00199,1024x1024_25,1024,1024,25,700199,1776515343.288595,,1776516399.4156854,,200,True,1056.127091921051,
baseline-00200,1536x1536_35,1536,1536,35,700200,1776515343.293352,,1776516589.968109,,200,True,1246.674758635927,
baseline-00201,1536x1536_35,1536,1536,35,700201,1776515343.298131,,1776516320.9808862,,200,True,977.6827572640032,
baseline-00202,1024x1024_25,1024,1024,25,700202,1776515343.3029602,,1776516074.8557348,,200,True,731.5527769369073,
baseline-00203,768x768_20,768,768,20,700203,1776515343.3078418,,1776516287.7076137,,200,True,944.3997729551047,
baseline-00204,1024x1024_25,1024,1024,25,700204,1776515343.3127518,,1776516699.7835495,,200,True,1356.470799111994,
baseline-00205,768x768_20,768,768,20,700205,1776515343.3179193,,1776516415.307076,,200,True,1071.9891576309456,
baseline-00206,1024x1024_25,1024,1024,25,700206,1776515343.322958,,1776516613.090032,,200,True,1269.7670760670444,
baseline-00207,512x512_20,512,512,20,700207,1776515343.3280008,,1776516337.2844357,,200,True,993.9564365469851,
baseline-00208,768x768_20,768,768,20,700208,1776515343.3331032,,1776516090.375948,,200,True,747.0428463879507,
baseline-00209,1536x1536_35,1536,1536,35,700209,1776515343.3382297,,1776516371.1670592,,200,True,1027.8288313169032,
baseline-00210,768x768_20,768,768,20,700210,1776515343.3434088,,1776516716.4447415,,200,True,1373.101334008039,
baseline-00211,1024x1024_25,1024,1024,25,700211,1776515343.3486116,,1776516439.831552,,200,True,1096.4829417750007,
baseline-00212,1024x1024_25,1024,1024,25,700212,1776515343.3538606,,1776516637.1578596,,200,True,1293.8040003470378,
baseline-00213,1024x1024_25,1024,1024,25,700213,1776515343.3591816,,1776516362.770396,,200,True,1019.4112156949705,
baseline-00214,1536x1536_35,1536,1536,35,700214,1776515343.3645282,,1776516173.5593429,,200,True,830.1948165930808,
baseline-00215,1536x1536_35,1536,1536,35,700215,1776515343.3699214,,1776516453.2450726,,200,True,1109.8751531939488,
baseline-00216,1024x1024_25,1024,1024,25,700216,1776515343.3753734,,1776516740.7401154,,200,True,1397.364743273938,
baseline-00217,1024x1024_25,1024,1024,25,700217,1776515343.380858,,1776516464.0550833,,200,True,1120.674227096024,
baseline-00218,768x768_20,768,768,20,700218,1776515343.3863652,,1776516652.5889654,,200,True,1309.2026013529394,
baseline-00219,768x768_20,768,768,20,700219,1776515343.3919306,,1776516382.4908893,,200,True,1039.0989598740125,
baseline-00220,1536x1536_35,1536,1536,35,700220,1776515343.3975463,,1776516255.5865808,,200,True,912.189037507982,
baseline-00221,1024x1024_25,1024,1024,25,700221,1776515343.40322,,1776516476.4292078,,200,True,1133.0259902089601,
baseline-00222,1024x1024_25,1024,1024,25,700222,1776515343.4089212,,1776516765.095461,,200,True,1421.6865411390318,
baseline-00223,1024x1024_25,1024,1024,25,700223,1776515343.4146783,,1776516488.1781194,,200,True,1144.7634428129531,
baseline-00224,512x512_20,512,512,20,700224,1776515343.4204795,,1776516667.93946,,200,True,1324.518981861067,
baseline-00225,1024x1024_25,1024,1024,25,700225,1776515343.4263148,,1776516407.034694,,200,True,1063.6083811150165,
baseline-00226,1024x1024_25,1024,1024,25,700226,1776515343.4322066,,1776516279.0011106,,200,True,935.5689055230469,
baseline-00227,1536x1536_35,1536,1536,35,700227,1776515343.4381406,,1776516559.4562228,,200,True,1216.0180836779764,
baseline-00228,768x768_20,768,768,20,700228,1776515343.4441116,,1776516781.7151234,,200,True,1438.271013346035,
baseline-00229,1536x1536_35,1536,1536,35,700229,1776515343.4501388,,1776516571.9066367,,200,True,1228.4565001669107,
baseline-00230,512x512_20,512,512,20,700230,1776515343.4562027,,1776516683.8512492,,200,True,1340.3950481530046,
baseline-00231,768x768_20,768,768,20,700231,1776515343.4622955,,1776516424.1379216,,200,True,1080.6756276179804,
baseline-00232,1024x1024_25,1024,1024,25,700232,1776515343.468667,,1776516303.1140144,,200,True,959.6453487949912,
baseline-00233,1024x1024_25,1024,1024,25,700233,1776515343.4748876,,1776516583.1295915,,200,True,1239.6547053179238,
baseline-00234,768x768_20,768,768,20,700234,1776515343.4811409,,1776516799.0611613,,200,True,1455.5800221670652,
baseline-00235,512x512_20,512,512,20,700235,1776515343.4874291,,1776516586.295808,,200,True,1242.8083803770132,
baseline-00236,1536x1536_35,1536,1536,35,700236,1776515343.4937613,,1776516767.0061424,,200,True,1423.5123829999939,
baseline-00237,768x768_20,768,768,20,700237,1776515343.5001423,,1776516441.106145,,200,True,1097.6060036340496,
baseline-00238,1024x1024_25,1024,1024,25,700238,1776515343.5065536,,1776516327.4479933,,200,True,983.9414414179046,
baseline-00239,1024x1024_25,1024,1024,25,700239,1776515343.5130255,,1776516607.5409997,,200,True,1264.0279756550444,
baseline-00240,1024x1024_25,1024,1024,25,700240,1776515343.519529,,1776516823.591473,,200,True,1480.0719461980043,
baseline-00241,1024x1024_25,1024,1024,25,700241,1776515343.526071,,1776516610.9075239,,200,True,1267.3814542118926,
baseline-00242,1024x1024_25,1024,1024,25,700242,1776515343.5326645,,1776516790.3465989,,200,True,1446.8139370750869,
baseline-00243,1536x1536_35,1536,1536,35,700243,1776515343.539312,,1776516524.3065424,,200,True,1180.7672322309809,
baseline-00244,768x768_20,768,768,20,700244,1776515343.5459943,,1776516342.5897505,,200,True,999.0437580470461,
baseline-00245,1024x1024_25,1024,1024,25,700245,1776515343.5526996,,1776516631.6369636,,200,True,1288.0842660159105,
baseline-00246,768x768_20,768,768,20,700246,1776515343.559464,,1776516840.532028,,200,True,1496.9725656110095,
baseline-00247,768x768_20,768,768,20,700247,1776515343.5662618,,1776516626.6140888,,200,True,1283.0478281939868,
baseline-00248,1024x1024_25,1024,1024,25,700248,1776515343.5731437,,1776516814.7088253,,200,True,1471.1356832790188,
baseline-00249,768x768_20,768,768,20,700249,1776515343.580043,,1776516540.1654925,,200,True,1196.585451007937,
baseline-00250,768x768_20,768,768,20,700250,1776515343.5869765,,1776516358.722232,,200,True,1015.1352567090653,
baseline-00251,1024x1024_25,1024,1024,25,700251,1776515343.5939476,,1776516655.715527,,200,True,1312.1215813059825,
baseline-00252,512x512_20,512,512,20,700252,1776515343.6009982,,1776516857.017689,,200,True,1513.4166924819583,
baseline-00253,1024x1024_25,1024,1024,25,700253,1776515343.6080601,,1776516651.0977173,,200,True,1307.4896588310366,
baseline-00254,1536x1536_35,1536,1536,35,700254,1776515343.6151786,,1776516897.271019,,200,True,1553.6558434459148,
baseline-00255,1536x1536_35,1536,1536,35,700255,1776515343.6223357,,1776516623.3369148,,200,True,1279.7145806089975,
baseline-00256,512x512_20,512,512,20,700256,1776515343.6295593,,1776516374.4603262,,200,True,1030.830768557964,
baseline-00257,768x768_20,768,768,20,700257,1776515343.63683,,1776516672.646505,,200,True,1329.0096766750794,
baseline-00258,768x768_20,768,768,20,700258,1776515343.64434,,1776516873.6158729,,200,True,1529.9715340199182,
baseline-00259,1536x1536_35,1536,1536,35,700259,1776515343.6517394,,1776516734.7031593,,200,True,1391.0514223449863,
baseline-00260,1536x1536_35,1536,1536,35,700260,1776515343.6591222,,1776516979.1458824,,200,True,1635.4867620290024,
baseline-00261,1536x1536_35,1536,1536,35,700261,1776515343.666583,,1776516705.275588,,200,True,1361.6090071980143,
baseline-00262,768x768_20,768,768,20,700262,1776515343.6740758,,1776516391.6642673,,200,True,1047.9901931181084,
baseline-00263,768x768_20,768,768,20,700263,1776515343.681598,,1776516690.5874233,,200,True,1346.9058265279746,
baseline-00264,1024x1024_25,1024,1024,25,700264,1776515343.6891704,,1776516898.1642032,,200,True,1554.4750342599582,
baseline-00265,1024x1024_25,1024,1024,25,700265,1776515343.696778,,1776516757.7348921,,200,True,1414.038116037962,
baseline-00266,1024x1024_25,1024,1024,25,700266,1776515343.7044694,,1776517002.4540007,,200,True,1658.7495338909794,
baseline-00267,1536x1536_35,1536,1536,35,700267,1776515343.7121863,,1776516787.672174,,200,True,1443.9599898249144,
baseline-00268,1024x1024_25,1024,1024,25,700268,1776515343.7199376,,1776516416.3005805,,200,True,1072.5806441659806,
baseline-00269,512x512_20,512,512,20,700269,1776515343.7277243,,1776516708.858341,,200,True,1365.1306188879535,
baseline-00270,1024x1024_25,1024,1024,25,700270,1776515343.7355654,,1776516922.061753,,200,True,1578.3261907680426,
baseline-00271,768x768_20,768,768,20,700271,1776515343.743456,,1776516773.7388904,,200,True,1429.9954356470844,
baseline-00272,1024x1024_25,1024,1024,25,700272,1776515343.75138,,1776517026.4761286,,200,True,1682.7247510879533,
baseline-00273,1536x1536_35,1536,1536,35,700273,1776515343.7593367,,1776516869.8608294,,200,True,1526.101494353963,
baseline-00274,512x512_20,512,512,20,700274,1776515343.7673466,,1776516432.279719,,200,True,1088.5123742959695,
baseline-00275,512x512_20,512,512,20,700275,1776515343.775397,,1776516727.3299763,,200,True,1383.5545807679882,
baseline-00276,512x512_20,512,512,20,700276,1776515343.7834852,,1776516938.1299193,,200,True,1594.3464349979768,
baseline-00277,1024x1024_25,1024,1024,25,700277,1776515343.7916424,,1776516798.3052726,,200,True,1454.513631740003,
baseline-00278,768x768_20,768,768,20,700278,1776515343.799852,,1776517041.316943,,200,True,1697.517092294991,
baseline-00279,1024x1024_25,1024,1024,25,700279,1776515343.8080845,,1776516893.3790336,,200,True,1549.5709505869308,
baseline-00280,1024x1024_25,1024,1024,25,700280,1776515343.8163822,,1776516456.9818966,,200,True,1113.1655160170048,
baseline-00281,768x768_20,768,768,20,700281,1776515343.82473,,1776516745.7085166,,200,True,1401.8837886149995,
baseline-00282,1024x1024_25,1024,1024,25,700282,1776515343.8331048,,1776516962.707816,,200,True,1618.874712634948,
baseline-00283,768x768_20,768,768,20,700283,1776515343.8415017,,1776516814.2453787,,200,True,1470.403879318037,
baseline-00284,1024x1024_25,1024,1024,25,700284,1776515343.8499632,,1776517065.7284708,,200,True,1721.8785093129845,
baseline-00285,1536x1536_35,1536,1536,35,700285,1776515343.8587248,,1776516976.3364375,,200,True,1632.4777148410212,
baseline-00286,1024x1024_25,1024,1024,25,700286,1776515343.8672936,,1776516481.2242517,,200,True,1137.356959503959,
baseline-00287,512x512_20,512,512,20,700287,1776515343.8758972,,1776516761.2575078,,200,True,1417.381613067002,
baseline-00288,1024x1024_25,1024,1024,25,700288,1776515343.8845432,,1776516986.8168566,,200,True,1642.9323148149997,
baseline-00289,768x768_20,768,768,20,700289,1776515343.8932245,,1776516830.40818,,200,True,1486.5149580059806,
baseline-00290,512x512_20,512,512,20,700290,1776515343.901934,,1776517081.4005466,,200,True,1737.4986136869993,
baseline-00291,1024x1024_25,1024,1024,25,700291,1776515343.91071,,1776516999.7586913,,200,True,1655.8479832130251,
baseline-00292,1024x1024_25,1024,1024,25,700292,1776515343.9195404,,1776516505.4818447,,200,True,1161.5623059390346,
baseline-00293,768x768_20,768,768,20,700293,1776515343.9284012,,1776516777.2917035,,200,True,1433.363303923048,
baseline-00294,1024x1024_25,1024,1024,25,700294,1776515343.937317,,1776517011.101091,,200,True,1667.1637756869895,
baseline-00295,1024x1024_25,1024,1024,25,700295,1776515343.9462488,,1776516854.8995824,,200,True,1510.953335942002,
baseline-00296,1024x1024_25,1024,1024,25,700296,1776515343.9552343,,1776517106.0020146,,200,True,1762.046782355057,
baseline-00297,512x512_20,512,512,20,700297,1776515343.9642656,,1776517015.9188821,,200,True,1671.954618343967,
baseline-00298,512x512_20,512,512,20,700298,1776515343.9733407,,1776516522.2709851,,200,True,1178.2976457379991,
baseline-00299,1536x1536_35,1536,1536,35,700299,1776515343.9824617,,1776516860.5390975,,200,True,1516.5566385060083,
baseline-00300,1536x1536_35,1536,1536,35,700300,1776515343.9916463,,1776517094.5433257,,200,True,1750.5516833320726,
baseline-00301,1024x1024_25,1024,1024,25,700301,1776515344.0008435,,1776516879.075533,,200,True,1535.0746917510405,
baseline-00302,1024x1024_25,1024,1024,25,700302,1776515344.0100899,,1776517130.2578602,,200,True,1786.2477720639436,
baseline-00303,1024x1024_25,1024,1024,25,700303,1776515344.0194108,,1776517040.7018933,,200,True,1696.6824841219932,
baseline-00304,512x512_20,512,512,20,700304,1776515344.028758,,1776516539.9327006,,200,True,1195.903944847989,
baseline-00305,512x512_20,512,512,20,700305,1776515344.0381136,,1776516874.8827093,,200,True,1530.8445968100568,
baseline-00306,768x768_20,768,768,20,700306,1776515344.047594,,1776517109.9610016,,200,True,1765.9134113040054,
baseline-00307,1536x1536_35,1536,1536,35,700307,1776515344.0571225,,1776516962.599886,,200,True,1618.542764435988,
baseline-00308,1024x1024_25,1024,1024,25,700308,1776515344.0666478,,1776517154.2953906,,200,True,1810.2287452809978,
baseline-00309,1536x1536_35,1536,1536,35,700309,1776515344.0762005,,1776517123.6846366,,200,True,1779.6084398210514,
baseline-00310,1536x1536_35,1536,1536,35,700310,1776515344.0858219,,1776516623.093495,,200,True,1279.0076743250247,
baseline-00311,768x768_20,768,768,20,700311,1776515344.0954754,,1776516892.352221,,200,True,1548.2567470009672,
baseline-00312,768x768_20,768,768,20,700312,1776515344.109968,,1776517126.8989313,,200,True,1782.7889646110125,
baseline-00313,512x512_20,512,512,20,700313,1776515344.1197562,,1776516977.6079998,,200,True,1633.4882442660164,
baseline-00314,1024x1024_25,1024,1024,25,700314,1776515344.1295633,,1776517178.2769375,,200,True,1834.1473759140354,
baseline-00315,1536x1536_35,1536,1536,35,700315,1776515344.1394167,,1776517205.8581605,,200,True,1861.7187457060209,
baseline-00316,1024x1024_25,1024,1024,25,700316,1776515344.149301,,1776516646.6786857,,200,True,1302.5293862150284,
baseline-00317,1024x1024_25,1024,1024,25,700317,1776515344.1592443,,1776516916.8569195,,200,True,1572.6976773421047,
baseline-00318,768x768_20,768,768,20,700318,1776515344.1692297,,1776517143.5096827,,200,True,1799.3404555909801,
baseline-00319,1536x1536_35,1536,1536,35,700319,1776515344.1792648,,1776517061.7270076,,200,True,1717.5477448670426,
baseline-00320,1536x1536_35,1536,1536,35,700320,1776515344.1893182,,1776517261.1176763,,200,True,1916.9283606620738,
baseline-00321,1536x1536_35,1536,1536,35,700321,1776515344.1994243,,1776517287.815343,,200,True,1943.6159211959457,
baseline-00322,1024x1024_25,1024,1024,25,700322,1776515344.2095683,,1776516671.216536,,200,True,1327.0069694820559,
baseline-00323,1536x1536_35,1536,1536,35,700323,1776515344.219769,,1776516999.7108734,,200,True,1655.4911068149377,
baseline-00324,512x512_20,512,512,20,700324,1776515344.230004,,1776517160.3539207,,200,True,1816.123918037978,
baseline-00325,1024x1024_25,1024,1024,25,700325,1776515344.2402802,,1776517085.1464262,,200,True,1740.9061478279764,
baseline-00326,768x768_20,768,768,20,700326,1776515344.2505996,,1776517275.418752,,200,True,1931.168153861072,
baseline-00327,1536x1536_35,1536,1536,35,700327,1776515344.2609782,,1776517370.000411,,200,True,2025.7394356310833,
baseline-00328,1024x1024_25,1024,1024,25,700328,1776515344.2713983,,1776516695.3958898,,200,True,1351.1244930959074,
baseline-00329,1536x1536_35,1536,1536,35,700329,1776515344.2818546,,1776517082.219252,,200,True,1737.9373994539492,
baseline-00330,1024x1024_25,1024,1024,25,700330,1776515344.292364,,1776517185.2903006,,200,True,1840.9979383510072,
baseline-00331,768x768_20,768,768,20,700331,1776515344.3028874,,1776517100.8358016,,200,True,1756.5329160339897,
baseline-00332,1024x1024_25,1024,1024,25,700332,1776515344.3134606,,1776517299.6992695,,200,True,1955.385811400949,
baseline-00333,512x512_20,512,512,20,700333,1776515344.324103,,1776517386.1571987,,200,True,2041.8330965739442,
baseline-00334,1536x1536_35,1536,1536,35,700334,1776515344.3347993,,1776516778.3174088,,200,True,1433.9826118539786,
baseline-00335,1536x1536_35,1536,1536,35,700335,1776515344.3455074,,1776517164.4815314,,200,True,1820.136025922955,
baseline-00336,768x768_20,768,768,20,700336,1776515344.3562722,,1776517201.240676,,200,True,1856.8844051879132,
baseline-00337,1024x1024_25,1024,1024,25,700337,1776515344.3670747,,1776517125.201709,,200,True,1780.834636149928,
baseline-00338,1024x1024_25,1024,1024,25,700338,1776515344.3781166,,1776517323.810129,,200,True,1979.432014727965,
baseline-00339,768x768_20,768,768,20,700339,1776515344.3890386,,1776517403.3337526,,200,True,2058.9447156320093,
baseline-00340,1024x1024_25,1024,1024,25,700340,1776515344.3999865,,1776516801.6071446,,200,True,1457.207159855985,
baseline-00341,768x768_20,768,768,20,700341,1776515344.4109757,,1776517181.1273863,,200,True,1836.716412569047,
baseline-00342,512x512_20,512,512,20,700342,1776515344.422023,,1776517217.8453557,,200,True,1873.4233338090125,
baseline-00343,768x768_20,768,768,20,700343,1776515344.433106,,1776517141.331773,,200,True,1796.898668967071,
baseline-00344,768x768_20,768,768,20,700344,1776515344.4442341,,1776517338.7793684,,200,True,1994.3351353470935,
baseline-00345,1536x1536_35,1536,1536,35,700345,1776515344.455413,,1776517486.8508322,,200,True,2142.3954213539837,
baseline-00346,1536x1536_35,1536,1536,35,700346,1776515344.466644,,1776516884.5596554,,200,True,1540.0930135539966,
baseline-00347,768x768_20,768,768,20,700347,1776515344.4779196,,1776517199.0901146,,200,True,1854.6121972550172,
baseline-00348,1024x1024_25,1024,1024,25,700348,1776515344.489226,,1776517242.5796628,,200,True,1898.0904387360206,
baseline-00349,768x768_20,768,768,20,700349,1776515344.5005517,,1776517157.5693085,,200,True,1813.0687589038862,
baseline-00350,1536x1536_35,1536,1536,35,700350,1776515344.511948,,1776517421.5312243,,200,True,2077.0192772069713,
baseline-00351,1024x1024_25,1024,1024,25,700351,1776515344.5233786,,1776517510.2349412,,200,True,2165.7115652000066,
baseline-00352,1536x1536_35,1536,1536,35,700352,1776515344.5348604,,1776516966.745739,,200,True,1622.2108822589507,
baseline-00353,512x512_20,512,512,20,700353,1776515344.5463817,,1776517216.951116,,200,True,1872.4047366530867,
baseline-00354,1536x1536_35,1536,1536,35,700354,1776515344.5580153,,1776517325.8771229,,200,True,1981.319109166041,
baseline-00355,768x768_20,768,768,20,700355,1776515344.5696318,,1776517173.6103575,,200,True,1829.040727132,
baseline-00356,1536x1536_35,1536,1536,35,700356,1776515344.5812745,,1776517503.458752,,200,True,2158.8774805950234,
baseline-00357,768x768_20,768,768,20,700357,1776515344.5929718,,1776517527.170004,,200,True,2182.577033502981,
baseline-00358,512x512_20,512,512,20,700358,1776515344.6046782,,1776516981.6412573,,200,True,1637.0365807840135,
baseline-00359,1024x1024_25,1024,1024,25,700359,1776515344.61646,,1776517241.706635,,200,True,1897.090176593978,
baseline-00360,1024x1024_25,1024,1024,25,700360,1776515344.6282976,,1776517348.92936,,200,True,2004.3010640250286,
baseline-00361,768x768_20,768,768,20,700361,1776515344.6401732,,1776517189.8027864,,200,True,1845.1626145399641,
baseline-00362,1024x1024_25,1024,1024,25,700362,1776515344.6521118,,1776517526.658092,,200,True,2182.0059818379814,
baseline-00363,1024x1024_25,1024,1024,25,700363,1776515344.664066,,1776517551.679266,,200,True,2207.015202136943,
baseline-00364,768x768_20,768,768,20,700364,1776515344.6760886,,1776516998.09517,,200,True,1653.419082848006,
baseline-00365,1024x1024_25,1024,1024,25,700365,1776515344.688369,,1776517266.0803123,,200,True,1921.3919445789652,
baseline-00366,768x768_20,768,768,20,700366,1776515344.700886,,1776517365.030104,,200,True,2020.3292195739923,
baseline-00367,1024x1024_25,1024,1024,25,700367,1776515344.7130547,,1776517214.2105522,,200,True,1869.4975013150834,
baseline-00368,512x512_20,512,512,20,700368,1776515344.7252576,,1776517541.5795348,,200,True,2196.854279080988,
baseline-00369,1536x1536_35,1536,1536,35,700369,1776515344.7374873,,1776517634.7454698,,200,True,2290.0079853989882,
baseline-00370,1024x1024_25,1024,1024,25,700370,1776515344.7497704,,1776517022.605068,,200,True,1677.8552990719909,
baseline-00371,1024x1024_25,1024,1024,25,700371,1776515344.7620702,,1776517293.5491402,,200,True,1948.7870715910103,
baseline-00372,1024x1024_25,1024,1024,25,700372,1776515344.7744226,,1776517389.1951003,,200,True,2044.4206804070855,
baseline-00373,1024x1024_25,1024,1024,25,700373,1776515344.7868466,,1776517238.310174,,200,True,1893.5233286860166,
baseline-00374,768x768_20,768,768,20,700374,1776515344.7992806,,1776517558.0505495,,200,True,2213.2512706549605,
baseline-00375,512x512_20,512,512,20,700375,1776515344.8118038,,1776517649.7450159,,200,True,2304.933212908916,
baseline-00376,1024x1024_25,1024,1024,25,700376,1776515344.8243866,,1776517046.7276947,,200,True,1701.9033096740022,
baseline-00377,768x768_20,768,768,20,700377,1776515344.836976,,1776517310.8110638,,200,True,1965.9740908530075,
baseline-00378,768x768_20,768,768,20,700378,1776515344.8496017,,1776517405.0603795,,200,True,2060.210779502988,
baseline-00379,1024x1024_25,1024,1024,25,700379,1776515344.862299,,1776517262.390104,,200,True,1917.5278087459737,
baseline-00380,1024x1024_25,1024,1024,25,700380,1776515344.8750205,,1776517582.1856377,,200,True,2237.3106187060475,
baseline-00381,768x768_20,768,768,20,700381,1776515344.8877697,,1776517667.0282536,,200,True,2322.1404852269916,
baseline-00382,768x768_20,768,768,20,700382,1776515344.900589,,1776517063.045237,,200,True,1718.1446501050377,
baseline-00383,1024x1024_25,1024,1024,25,700383,1776515344.9134524,,1776517336.7167773,,200,True,1991.803326463094,
baseline-00384,1024x1024_25,1024,1024,25,700384,1776515344.9263387,,1776517429.6221914,,200,True,2084.6958543839864,
baseline-00385,768x768_20,768,768,20,700385,1776515344.9392896,,1776517278.3485036,,200,True,1933.409215608961,
baseline-00386,512x512_20,512,512,20,700386,1776515344.9522848,,1776517597.6040435,,200,True,2252.6517600960797,
baseline-00387,1024x1024_25,1024,1024,25,700387,1776515344.9653087,,1776517691.4606864,,200,True,2346.4953797640046,
baseline-00388,1536x1536_35,1536,1536,35,700388,1776515344.978368,,1776517146.0717084,,200,True,1801.093341927044,
baseline-00389,1024x1024_25,1024,1024,25,700389,1776515344.9914515,,1776517360.94318,,200,True,2015.9517303700559,
baseline-00390,1536x1536_35,1536,1536,35,700390,1776515345.0046031,,1776517512.8391166,,200,True,2167.8345158839365,
baseline-00391,1024x1024_25,1024,1024,25,700391,1776515345.0177991,,1776517302.4820871,,200,True,1957.4642895389115,
baseline-00392,768x768_20,768,768,20,700392,1776515345.0312705,,1776517613.7923281,,200,True,2268.761059385957,
baseline-00393,1024x1024_25,1024,1024,25,700393,1776515345.044559,,1776517715.7263646,,200,True,2370.681807949906,
baseline-00394,512x512_20,512,512,20,700394,1776515345.057896,,1776517161.0848415,,200,True,1816.0269468020415,
baseline-00395,768x768_20,768,768,20,700395,1776515345.0713081,,1776517377.5940351,,200,True,2032.52272864501,
baseline-00396,1024x1024_25,1024,1024,25,700396,1776515345.0847425,,1776517536.138429,,200,True,2191.0536885689944,
baseline-00397,1024x1024_25,1024,1024,25,700397,1776515345.0982249,,1776517326.8659284,,200,True,1981.7677050719503,
baseline-00398,1024x1024_25,1024,1024,25,700398,1776515345.1117392,,1776517638.3461282,,200,True,2293.234390784055,
baseline-00399,1024x1024_25,1024,1024,25,700399,1776515345.1252968,,1776517739.9996533,,200,True,2394.874357742956,
baseline-00400,1024x1024_25,1024,1024,25,700400,1776515345.1389,,1776517185.6499941,,200,True,1840.5110958290752,
baseline-00401,768x768_20,768,768,20,700401,1776515345.1525438,,1776517395.0811603,,200,True,2049.928618066013,
baseline-00402,1024x1024_25,1024,1024,25,700402,1776515345.1662529,,1776517560.4028697,,200,True,2215.236619333038,
baseline-00403,1536x1536_35,1536,1536,35,700403,1776515345.1799977,,1776517410.3359232,,200,True,2065.155927765998,
baseline-00404,1024x1024_25,1024,1024,25,700404,1776515345.1937973,,1776517662.5096989,,200,True,2317.315903560957,
baseline-00405,768x768_20,768,768,20,700405,1776515345.207603,,1776517756.0365043,,200,True,2410.828902733978,
baseline-00406,512x512_20,512,512,20,700406,1776515345.2214925,,1776517201.490779,,200,True,1856.2692888090387,
baseline-00407,1024x1024_25,1024,1024,25,700407,1776515345.2354088,,1776517421.3191798,,200,True,2076.083772543003,
baseline-00408,1024x1024_25,1024,1024,25,700408,1776515345.2493696,,1776517584.679963,,200,True,2239.4305948870024,
baseline-00409,768x768_20,768,768,20,700409,1776515345.263368,,1776517425.101771,,200,True,2079.8384043280967,
baseline-00410,1024x1024_25,1024,1024,25,700410,1776515345.2774107,,1776517686.4947996,,200,True,2341.217390323989,
baseline-00411,1024x1024_25,1024,1024,25,700411,1776515345.2914815,,1776517780.5991213,,200,True,2435.3076415029354,
baseline-00412,1024x1024_25,1024,1024,25,700412,1776515345.3055947,,1776517226.3260927,,200,True,1881.0204999020789,
baseline-00413,768x768_20,768,768,20,700413,1776515345.3197658,,1776517440.0139904,,200,True,2094.6942273020977,
baseline-00414,768x768_20,768,768,20,700414,1776515345.3339834,,1776517600.6210732,,200,True,2255.2870905520394,
baseline-00415,512x512_20,512,512,20,700415,1776515345.348223,,1776517440.7862082,,200,True,2095.4379862839123,
baseline-00416,768x768_20,768,768,20,700416,1776515345.3625307,,1776517701.9874163,,200,True,2356.6248874230077,
baseline-00417,1024x1024_25,1024,1024,25,700417,1776515345.3768942,,1776517805.1792336,,200,True,2459.802341592964,
baseline-00418,1024x1024_25,1024,1024,25,700418,1776515345.3915138,,1776517250.588389,,200,True,1905.1968766140053,
baseline-00419,512x512_20,512,512,20,700419,1776515345.406015,,1776517456.242808,,200,True,2110.8367941929027,
baseline-00420,1024x1024_25,1024,1024,25,700420,1776515345.4205427,,1776517625.054395,,200,True,2279.633854059968,
baseline-00421,1024x1024_25,1024,1024,25,700421,1776515345.4351027,,1776517465.2828836,,200,True,2119.847782613011,
baseline-00422,768x768_20,768,768,20,700422,1776515345.449725,,1776517717.809988,,200,True,2372.3602642179467,
baseline-00423,1024x1024_25,1024,1024,25,700423,1776515345.4643545,,1776517829.3148634,,200,True,2483.850512087927,
baseline-00424,1024x1024_25,1024,1024,25,700424,1776515345.4790437,,1776517274.7448244,,200,True,1929.2657817590516,
baseline-00425,768x768_20,768,768,20,700425,1776515345.4937642,,1776517474.6329687,,200,True,2129.1392056629993,
baseline-00426,1024x1024_25,1024,1024,25,700426,1776515345.5085466,,1776517649.1090899,,200,True,2303.600544780027,
baseline-00427,512x512_20,512,512,20,700427,1776515345.5233727,,1776517480.8346605,,200,True,2135.311289044912,
baseline-00428,1024x1024_25,1024,1024,25,700428,1776515345.5382214,,1776517742.35142,,200,True,2396.8132003989303,
baseline-00429,1024x1024_25,1024,1024,25,700429,1776515345.5531356,,1776517853.4783196,,200,True,2507.925186239998,
baseline-00430,512x512_20,512,512,20,700430,1776515345.5680788,,1776517290.654284,,200,True,1945.0862065859837,
baseline-00431,1024x1024_25,1024,1024,25,700431,1776515345.5830534,,1776517499.1667695,,200,True,2153.5837179309456,
baseline-00432,768x768_20,768,768,20,700432,1776515345.598078,,1776517665.436901,,200,True,2319.8388242749497,
baseline-00433,1536x1536_35,1536,1536,35,700433,1776515345.6131477,,1776517564.9663382,,200,True,2219.353192141978,
baseline-00434,1024x1024_25,1024,1024,25,700434,1776515345.6283035,,1776517766.4018,,200,True,2420.773498096969,
baseline-00435,512x512_20,512,512,20,700435,1776515345.643473,,1776517871.1897268,,200,True,2525.5462556720013,
baseline-00436,768x768_20,768,768,20,700436,1776515345.658695,,1776517307.1346464,,200,True,1961.4759541120147,
baseline-00437,1024x1024_25,1024,1024,25,700437,1776515345.6739583,,1776517523.3631928,,200,True,2177.689236138016,
baseline-00438,1024x1024_25,1024,1024,25,700438,1776515345.689279,,1776517689.9123316,,200,True,2344.223054919974,
baseline-00439,1024x1024_25,1024,1024,25,700439,1776515345.7049284,,1776517588.277749,,200,True,2242.5728220340097,
baseline-00440,1024x1024_25,1024,1024,25,700440,1776515345.7203379,,1776517790.3046882,,200,True,2444.5843514809385,
baseline-00441,1536x1536_35,1536,1536,35,700441,1776515345.7357476,,1776517954.4750128,,200,True,2608.7392667960376,
baseline-00442,1024x1024_25,1024,1024,25,700442,1776515345.7512488,,1776517331.7170742,,200,True,1985.9658269829815,
baseline-00443,1536x1536_35,1536,1536,35,700443,1776515345.7667694,,1776517606.901617,,200,True,2261.134849712951,
baseline-00444,1536x1536_35,1536,1536,35,700444,1776515345.7823439,,1776517773.3721747,,200,True,2427.5898324929876,
baseline-00445,1024x1024_25,1024,1024,25,700445,1776515345.7981608,,1776517612.231371,,200,True,2266.4332117860904,
baseline-00446,1024x1024_25,1024,1024,25,700446,1776515345.8138256,,1776517814.4271066,,200,True,2468.6132826219546,
baseline-00447,1024x1024_25,1024,1024,25,700447,1776515345.8295138,,1776517977.7426848,,200,True,2631.9131723240716,
baseline-00448,1024x1024_25,1024,1024,25,700448,1776515345.8452363,,1776517355.8737285,,200,True,2010.0284935290692,
baseline-00449,1024x1024_25,1024,1024,25,700449,1776515345.8610182,,1776517630.1824844,,200,True,2284.3214683540864,
baseline-00450,1536x1536_35,1536,1536,35,700450,1776515345.8768418,,1776517855.9513426,,200,True,2510.0745038579917,
baseline-00451,1024x1024_25,1024,1024,25,700451,1776515345.8926723,,1776517636.5278146,,200,True,2290.635143933003,
baseline-00452,1024x1024_25,1024,1024,25,700452,1776515345.9085877,,1776517838.3171823,,200,True,2492.408597185975,
baseline-00453,768x768_20,768,768,20,700453,1776515345.9245346,,1776517995.0080843,,200,True,2649.083550813957,
baseline-00454,768x768_20,768,768,20,700454,1776515345.9405332,,1776517372.03479,,200,True,2026.094259914942,
baseline-00455,1024x1024_25,1024,1024,25,700455,1776515345.9565673,,1776517654.2377248,,200,True,2308.28115885891,
baseline-00456,1024x1024_25,1024,1024,25,700456,1776515345.9726744,,1776517879.1962059,,200,True,2533.223533942015,
baseline-00457,1024x1024_25,1024,1024,25,700457,1776515345.988808,,1776517660.7318926,,200,True,2314.7430866089417,
baseline-00458,1024x1024_25,1024,1024,25,700458,1776515346.0049827,,1776517862.5786102,,200,True,2516.5736297350377,
baseline-00459,768x768_20,768,768,20,700459,1776515346.0211942,,1776518012.738673,,200,True,2666.7174800200155,
baseline-00460,512x512_20,512,512,20,700460,1776515346.0374424,,1776517388.2192774,,200,True,2042.181836085976,
baseline-00461,768x768_20,768,768,20,700461,1776515346.053747,,1776517670.7506998,,200,True,2324.6969540319405,
baseline-00462,768x768_20,768,768,20,700462,1776515346.0701299,,1776517895.9022152,,200,True,2549.8320871579926,
baseline-00463,768x768_20,768,768,20,700463,1776515346.0865126,,1776517676.6523836,,200,True,2330.565871983068,
baseline-00464,1024x1024_25,1024,1024,25,700464,1776515346.10294,,1776517886.6242783,,200,True,2540.521340718027,
baseline-00465,512x512_20,512,512,20,700465,1776515346.1193993,,1776518030.3015184,,200,True,2684.1821200679988,
baseline-00466,768x768_20,768,768,20,700466,1776515346.1359224,,1776517404.3226244,,200,True,2058.1867036509793,
baseline-00467,1024x1024_25,1024,1024,25,700467,1776515346.1525145,,1776517695.2456865,,200,True,2349.0931736769853,
baseline-00468,1024x1024_25,1024,1024,25,700468,1776515346.1691086,,1776517920.2598996,,200,True,2574.090792368981,
baseline-00469,512x512_20,512,512,20,700469,1776515346.1857572,,1776517692.718432,,200,True,2346.53267549898,
baseline-00470,1024x1024_25,1024,1024,25,700470,1776515346.2024596,,1776517910.734756,,200,True,2564.5322979789926,
baseline-00471,1024x1024_25,1024,1024,25,700471,1776515346.2192187,,1776518055.098387,,200,True,2708.8791699700523,
baseline-00472,1024x1024_25,1024,1024,25,700472,1776515346.236236,,1776517428.598903,,200,True,2082.3626682590693,
baseline-00473,768x768_20,768,768,20,700473,1776515346.253058,,1776517710.5472054,,200,True,2364.294149716967,
baseline-00474,1024x1024_25,1024,1024,25,700474,1776515346.2699347,,1776517944.572532,,200,True,2598.3025987630244,
baseline-00475,1536x1536_35,1536,1536,35,700475,1776515346.2868528,,1776517776.8456092,,200,True,2430.5587583970046,
baseline-00476,1024x1024_25,1024,1024,25,700476,1776515346.3037999,,1776517934.6302423,,200,True,2588.3264437319012,
baseline-00477,1024x1024_25,1024,1024,25,700477,1776515346.3208256,,1776518079.218515,,200,True,2732.8976918200497,
baseline-00478,1536x1536_35,1536,1536,35,700478,1776515346.337895,,1776517511.786635,,200,True,2165.4487429989967,
baseline-00479,1024x1024_25,1024,1024,25,700479,1776515346.3549843,,1776517735.2090752,,200,True,2388.8540926380083,
baseline-00480,768x768_20,768,768,20,700480,1776515346.3721268,,1776517960.4331093,,200,True,2614.060983342002,
baseline-00481,512x512_20,512,512,20,700481,1776515346.3893497,,1776517791.488211,,200,True,2445.0988620679127,
baseline-00482,768x768_20,768,768,20,700482,1776515346.4065814,,1776517949.7524908,,200,True,2603.3459108489333,
baseline-00483,1024x1024_25,1024,1024,25,700483,1776515346.423846,,1776518103.6106985,,200,True,2757.186854374013,
baseline-00484,1536x1536_35,1536,1536,35,700484,1776515346.4411755,,1776517593.7292511,,200,True,2247.2880769149633,
baseline-00485,1536x1536_35,1536,1536,35,700485,1776515346.4585366,,1776517817.9910681,,200,True,2471.532533774036,
baseline-00486,1024x1024_25,1024,1024,25,700486,1776515346.4759705,,1776517984.8017354,,200,True,2638.325766397058,
baseline-00487,1024x1024_25,1024,1024,25,700487,1776515346.4934494,,1776517815.8914437,,200,True,2469.397996679996,
baseline-00488,1024x1024_25,1024,1024,25,700488,1776515346.5109463,,1776517974.0544796,,200,True,2627.5435347219463,
baseline-00489,1024x1024_25,1024,1024,25,700489,1776515346.5284665,,1776518127.9037058,,200,True,2781.3752413130132,
baseline-00490,768x768_20,768,768,20,700490,1776515346.5460365,,1776517608.9512603,,200,True,2262.405224905,
baseline-00491,768x768_20,768,768,20,700491,1776515346.5636523,,1776517834.0471058,,200,True,2487.483455335023,
baseline-00492,1024x1024_25,1024,1024,25,700492,1776515346.5813432,,1776518008.842058,,200,True,2662.2607165409718,
baseline-00493,512x512_20,512,512,20,700493,1776515346.5990584,,1776517831.5624843,,200,True,2484.963427527924,
baseline-00494,768x768_20,768,768,20,700494,1776515346.6168168,,1776517989.9935677,,200,True,2643.3767519410467,
baseline-00495,1024x1024_25,1024,1024,25,700495,1776515346.6346273,,1776518152.0445213,,200,True,2805.409895435092,
baseline-00496,1024x1024_25,1024,1024,25,700496,1776515346.6524851,,1776517633.5084355,,200,True,2286.855952966027,
baseline-00497,768x768_20,768,768,20,700497,1776515346.6703637,,1776517849.9853535,,200,True,2503.3149906679755,
baseline-00498,1024x1024_25,1024,1024,25,700498,1776515346.6884868,,1776518032.8630805,,200,True,2686.174594787997,
baseline-00499,512x512_20,512,512,20,700499,1776515346.7064855,,1776517847.7554824,,200,True,2501.0489991329378,
